{
    "paths": [
        "$DB/02-JOBS/PIC - 2024/00_PIC/01_Proactive/Luke/30_StaffPortraits/",
        "$DB/02-JOBS/PIC - 2025/015_Woolworths_Fabric/",
        "$DB/02-JOBS/PIC - 2025/013_Vimergy/",
        "$DB/02-JOBS/PIC - 2025/00_PIC/00_Proactive/Luke/01_DeskMate/",
        "$DB/02-JOBS/PIC - 2025/00_PIC/00_Proactive/Luke/02_Stomers/",
        "$DB/02-JOBS/PIC - 2025/00_PIC/00_Proactive/Luke/04_SurrealPitch/"
    ],
    "recent": 6,
    "rootPath": "02_Workflow/01-3D/Houdini",
    "subdir": "",
    "latest": "pony"
}