<?xml version="1.0" encoding="UTF-8"?>
<menuDocument>
	<menu>

		<subMenu id="LVM0">
			<!-- <insertAfter>reference_menu</insertAfter> -->

			<label>LV Tools</label>

			<separatorItem />

			<scriptItem id="LV_comment_cache_size">
				<label>LV Cache Size Comment</label>

				<scriptCode><![CDATA[
from importlib import reload
import LVNodes
reload(LVNodes)
LVNodes.comment_cache_size(kwargs)
        ]]>				</scriptCode>
			</scriptItem>

			<scriptItem id="LV_transfer_transform">
				<label>LV Transfer Transform</label>

				<scriptCode><![CDATA[
from importlib import reload
import LVNodes
reload(LVNodes)
LVNodes.transfer_transform(kwargs)
        ]]>				</scriptCode>
			</scriptItem>

			<scriptItem id="LV_swap_nodes">
				<label>LV Swap Nodes</label>

				<scriptCode><![CDATA[
from importlib import reload
import LVNodes
reload(LVNodes)
LVNodes.swap_nodes(kwargs)
        ]]>				</scriptCode>
			</scriptItem>

			<scriptItem id="LV_Shader_Switch_to_Materials">

				<label>LV Shader Switch to Materials</label>
				<scriptCode>
					<![CDATA[
from importlib import reload
import LVMatUtils
reload(LVMatUtils)

LVMatUtils.shader_switch_to_mat(kwargs)
]]>
				</scriptCode>
			</scriptItem>

		</subMenu>

	</menu>
</menuDocument>